metric,error_vs_metric_multivariate,error_vs_metric_multivariate_p,error_vs_metric_univariate,error_vs_metric_univariate_p,huber_med_slope,huber_p90_slope,huber_p95_slope,huber_max_slope,bucket_index,bucket_center,bucket_min,bucket_max,median,p90,p95,max_error,huber_med_intercept,huber_med_r2,huber_p90_intercept,huber_p90_r2,huber_p95_intercept,huber_p95_r2,huber_max_intercept,huber_max_r2
num_tables,-1.8167269331158036,,0.8902200206537958,0.5161644830474728,0.7315615762493879,2.6847754795119685,9.92691941319528,19.525745837597416,"[0, 1, 2, 3, 4]","[3.0, 3.0, 3.0, 4.0, 5.0]","[2.0, 3.0, 3.0, 4.0, 4.0]","[3.0, 3.0, 4.0, 4.0, 5.0]","[1.114408592813389, 1.255934118484706, 1.3534126344066664, 2.4492626846711376, 4.175570230625175]","[1.5787250407752849, 1.6660682935725055, 1.952183808093799, 15.307729460568735, 10.650841434670953]","[2.1429868829085903, 1.7131372598499863, 12.257886205952852, 23.117424731864787, 36.77554228407499]","[2.9852420185758586, 1.7580699950482592, 31.335018100811883, 31.602587229912835, 83.8340318415079]",0.6178020803032017,0.80269266719965,0.15725373653895788,0.5907077106755895,-5.512646296264247,0.9120267808258229,-8.001018888467017,0.8273501735862576
num_columns,0.47006070700623354,,0.8612110686228961,0.5304529940355547,0.49589416228689187,1.615902112316865,7.901881113777679,19.54095036527881,"[0, 1, 2, 3, 4]","[20.0, 22.0, 24.0, 27.0, 31.0]","[19.0, 22.0, 24.0, 25.0, 29.0]","[20.0, 22.0, 25.0, 29.0, 32.0]","[1.1128566138407343, 1.318203063141568, 1.4407985608623934, 2.00361099127894, 3.8154047059554124]","[1.5109754970961187, 1.5804025738526297, 6.088659749712004, 16.41485043513983, 6.150088126016299]","[2.1347116278432003, 1.6190941969795136, 16.09577455844602, 23.023775536679455, 33.36335573608862]","[2.9852420185758586, 1.6889427101278396, 31.602587229912835, 31.335018100811883, 83.8340318415079]",0.833232298117684,0.7265515864496339,1.5265187184707991,0.26539002050571125,0.41199445527625944,0.9319931985454487,-7.975154183727627,0.8247138823680447
num_joins,-1.8167269331158036,,0.8902200206537958,0.5161644830474728,0.7315615762493879,2.6847754795119685,9.92691941319528,19.525745837597416,"[0, 1, 2, 3, 4]","[2.0, 2.0, 2.0, 3.0, 4.0]","[1.0, 2.0, 2.0, 3.0, 3.0]","[2.0, 2.0, 3.0, 3.0, 4.0]","[1.114408592813389, 1.255934118484706, 1.3534126344066664, 2.4492626846711376, 4.175570230625175]","[1.5787250407752849, 1.6660682935725055, 1.952183808093799, 15.307729460568735, 10.650841434670953]","[2.1429868829085903, 1.7131372598499863, 12.257886205952852, 23.117424731864787, 36.77554228407499]","[2.9852420185758586, 1.7580699950482592, 31.335018100811883, 31.602587229912835, 83.8340318415079]",0.6178020803032017,0.80269266719965,0.15725373653895788,0.5907077106755895,-5.512646296264247,0.9120267808258229,-8.001018888467017,0.8273501735862576
num_filters,-0.15949257987362817,,0.41209702318164293,0.7676288607885162,0.26740389878239806,3.1554453408536522,8.101405966170706,16.193760869118314,"[0, 1, 2, 3, 4]","[1.0, 2.0, 2.0, 3.0, 5.0]","[1.0, 1.0, 2.0, 3.0, 4.0]","[1.0, 2.0, 3.0, 4.0, 6.0]","[1.1166532303786838, 1.5608512336191542, 1.4293463373570652, 3.003134892027699, 2.1588802109386895]","[1.5546295720715961, 7.321899702929554, 4.194212413755671, 10.650841434670953, 14.839995105299977]","[2.1347116278432003, 16.00212536326069, 5.122280562870512, 18.494536670016732, 41.39843034592304]","[2.9852420185758586, 31.335018100811883, 5.63816430351304, 31.602587229912835, 83.8340318415079]",1.1664550391718431,0.4743980467339539,1.6524497959032043,0.808207550310536,0.9022042738183949,0.6826797961259483,-0.6894123830443522,0.6211845722287659
longest_path_len,-3.545072700233697,,0.6914549459867512,0.6167081056853674,0.32197669103298865,4.91496563612302,7.3987643112798045,7.467253921229351,"[0, 1, 2, 3, 4]","[3.0, 4.0, 5.0, 6.0, 7.0]","[2.0, 4.0, 5.0, 6.0, 6.0]","[4.0, 5.0, 6.0, 6.0, 8.0]","[1.2096640133914962, 1.302043381131489, 1.5459964615857642, 1.8450487475446726, 4.175570230625175]","[1.5758426800345244, 5.928849458551552, 2.1616418463072242, 10.650841434670953, 23.790564020519525]","[2.1408251123530198, 11.526840905650925, 3.6604236260831597, 36.77554228407499, 31.428667295997215]","[2.9852420185758586, 18.54849107906969, 6.332443524721194, 83.8340318415079, 31.602587229912835]",1.0462062780324255,0.4285671612915095,-0.5641670735298454,0.7233034865589317,2.7008250880279543,0.6734224521183477,5.26670514273365,0.21201547907935203
num_nodes,7.309047524889397,,0.8369220941060225,0.5423874362951433,0.3832292028969243,5.224471426937237,8.981929317975261,15.266393241520742,"[0, 1, 2, 3, 4]","[5.0, 6.0, 8.0, 9.0, 11.0]","[3.0, 6.0, 7.0, 8.0, 10.0]","[6.0, 7.0, 8.0, 10.0, 11.0]","[1.1228456974528804, 1.246888014726515, 1.5459964615857642, 1.900716428077326, 4.537948210470823]","[1.5758426800345244, 1.6033312961994992, 7.321899702929554, 7.142349412313784, 31.52231649118255]","[2.1408251123530198, 1.639381474257949, 11.526840905650925, 9.734408242599693, 49.88359284397109]","[2.9852420185758586, 1.6889427101278396, 18.54849107906969, 11.436355599303456, 83.8340318415079]",0.939247023939205,0.4518721550439304,-1.7241095302502403,0.6527105221844944,-3.8796208257129017,0.6559746695820935,-7.525513557356332,0.6165088989221805
join_tree_diameter,0.0,,0.0,1.0,0.7165549092745722,2.674998978061318,9.585173314951609,19.915161018326067,"[0, 1, 2, 3, 4]","[1.0, 1.0, 1.0, 1.0, 1.0]","[1.0, 1.0, 1.0, 1.0, 1.0]","[1.0, 1.0, 1.0, 1.0, 1.0]","[1.1128566138407343, 1.4091099428512472, 1.3734488489674646, 2.4492626846711376, 4.175570230625175]","[1.5426823758659889, 1.7373318095721335, 1.952183808093799, 15.307729460568735, 10.650841434670953]","[1.5588865590724725, 2.1875802032829186, 12.257886205952852, 23.117424731864787, 36.77554228407499]","[1.581483459130415, 2.9852420185758586, 31.335018100811883, 31.602587229912835, 83.8340318415079]",0.6941082533563576,0.8006596762086298,0.18529106534799977,0.591321193564731,-4.440006900244318,0.9321406470601462,-8.352762184404343,0.8376325577122444
num_blocking_ops,-1.0777463438699821,,-0.10004366411720811,0.9432781674925717,0.580120199508611,1.4402715188647952,3.0754329335201747,5.965554043915528,"[0, 1, 2, 3, 4]","[0.0, 0.0, 0.0, 0.0, 0.0]","[0.0, 0.0, 0.0, 0.0, 0.0]","[0.0, 0.0, 0.0, 0.0, 1.0]","[1.114408592813389, 1.411178568570183, 1.5415891601983334, 2.6975811260799127, 3.3718123089324266]","[1.5426823758659889, 1.7373318095721335, 4.93311177863168, 27.686358384659904, 6.150088126016299]","[1.5588865590724725, 2.1875802032829186, 14.632063132567627, 49.88359284397109, 8.024169051317097]","[1.581483459130415, 2.9852420185758586, 31.335018100811883, 83.8340318415079, 11.436355599303456]",0.9448367282743124,0.8999662242297592,1.3771802865906564,-0.011772773596109953,3.1323072989926697,0.062028004479932175,6.124357484524506,0.10813389785172267
num_nested_loop,0.8075484636229953,,0.3791686135138352,0.7866177455247712,0.4269480272766681,0.9690437755791402,5.681835036197959,15.083345044399215,"[0, 1, 2, 3, 4]","[0.0, 1.0, 2.0, 2.0, 3.0]","[0.0, 0.0, 1.0, 2.0, 3.0]","[0.0, 1.0, 2.0, 3.0, 4.0]","[1.2096640133914962, 1.552907705274666, 1.2999747554125536, 2.331233052546492, 2.955243502757851]","[1.7220320976795003, 24.258298375788286, 2.016287320464991, 10.650841434670953, 6.150088126016299]","[1.804541619168189, 31.428667295997215, 2.446610320540572, 13.925603017221636, 33.36335573608862]","[1.874249055348084, 31.602587229912835, 2.9852420185758586, 18.54849107906969, 83.8340318415079]",1.127155338957761,0.7819552725334272,4.133051369930139,-0.17461822573299957,3.1069834127377596,0.18654489519915174,-2.397776590156046,0.50268376980707
max_est_join_input_rows,-0.041440455176279756,,-0.18891636740523057,0.8930175757977556,-0.04989868719696953,1.3650883039174642,7.176834367873508,16.832341367074054,"[0, 1, 2, 3, 4]","[34.0, 19520.0, 191925.0, 1346703.0, 11121035.5]","[2.0, 3405.0, 191925.0, 632078.0, 4523930.0]","[3405.0, 191925.0, 632078.0, 4523930.0, 36239448.0]","[1.5481709641376842, 1.5513493618068739, 2.331233052546492, 1.8161595251981715, 1.1662548554221883]","[3.0303737413161977, 6.252012110101716, 7.442002358587352, 24.258298375788286, 4.444468415567376]","[4.4142688871559805, 10.608060168743163, 9.734408242599693, 31.428667295997215, 32.49083420116868]","[6.186837833170599, 18.54849107906969, 11.436355599303456, 31.602587229912835, 83.8340318415079]",1.7093805552211643,-0.0024031695377024764,4.209705262217088,0.05091215268338645,3.876330645041633,0.843821762674224,-3.343022309882759,0.7187788911217743
sum_est_join_input_rows,-1.1050823770265952,,-0.17711194247865175,0.8997181382399873,-0.009169569284912395,2.352342598174085,0.6374114703900622,0.6643253109386005,"[0, 1, 2, 3, 4]","[67.0, 29894.5, 444169.5, 2720527.0, 17379638.0]","[5.0, 4551.0, 364722.0, 989570.0, 6901978.0]","[3527.0, 318622.0, 959170.0, 6249148.0, 44631753.0]","[1.3445074982309368, 1.5513493618068739, 2.6975811260799127, 1.8161595251981715, 1.1662548554221883]","[3.005268353426601, 5.328283072877597, 7.991884178166789, 31.52231649118255, 4.444468415567376]","[4.4142688871559805, 10.608060168743163, 9.734408242599693, 49.88359284397109, 5.860006379397545]","[6.186837833170599, 18.54849107906969, 11.436355599303456, 83.8340318415079, 7.745952350733134]",1.5867822442040467,-0.07412471763649853,3.0894730158446144,0.08092432900718793,7.666688277350768,-0.14210007026094074,11.869667831290787,-0.15595225502803634
num_highly_selective_filters,-0.0637988209420162,,-0.05795982884620523,0.9670861962406632,0.10692000464628137,-2.5578379308334473,-2.019520144711526,-1.6119670780943691,"[0, 1, 2, 3, 4]","[0.0, 0.0, 0.0, 1.0, 2.0]","[0.0, 0.0, 0.0, 0.0, 1.0]","[0.0, 0.0, 0.0, 1.0, 2.0]","[1.2096640133914962, 1.6239687321273968, 2.4374292156162864, 2.2198227109088924, 1.4463392311843104]","[1.5758426800345244, 27.49905999428924, 10.650841434670953, 5.216134835676571, 2.929282483734509]","[1.5918061669000354, 31.428667295997215, 36.77554228407499, 5.881162030935894, 4.266554808321433]","[1.6126946549433925, 31.602587229912835, 83.8340318415079, 6.332443524721194, 6.186837833170599]",1.547407295598632,0.10207524854494598,13.938933376354486,0.07095390863169115,19.568964712836735,0.03557003858222152,19.370640082356104,-0.09493859707219454
log_filter_selectivity_product,0.17345743106156103,,-0.05068967161725318,0.9712712333641711,-0.007077985541044225,-0.11572298425865322,-0.5945454167721576,-0.0378024344101595,"[0, 1, 2, 3, 4]","[-38.33062773103463, -7.016725326387881, -4.652571883599258, -2.7750347722891506, -1.2526385806173386]","[-41.79073393557489, -12.552303362919336, -5.139800275951941, -3.7724815798143734, -1.9734546128664197]","[-13.614369826126406, -5.270809422213912, -3.806850908538836, -2.0135182439148713, -0.09964978810697239]","[1.581483459130415, 1.6119750331934113, 2.4374292156162864, 2.371656006812059, 1.1662548554221883]","[3.12142134291958, 14.803245398145677, 4.660567730369232, 25.365419350359375, 1.7853384912049983]","[4.4142688871559805, 41.39843034592304, 5.365278290293366, 31.428667295997215, 3.9293452087328493]","[6.186837833170599, 83.8340318415079, 6.332443524721194, 31.602587229912835, 7.745952350733134]",1.8479178888648031,0.0004132574949385903,8.369189653356484,-0.045546725878435224,17.497623638514547,0.0035394926486056466,17.468952177894103,-0.10515338919433304
optimizer_est_cost_root,1.2544437354419442,,0.003140027801567313,0.9982185488597222,0.013128661962447469,1.2481066036457773,1.197810985363133,1.0270025553270734,"[0, 1, 2, 3, 4]","[43783.6, 79461.045, 211382.255, 617345.47, 1188554.905]","[16126.0, 51716.09, 141982.06, 348183.67, 760890.07]","[51029.31, 141310.79, 292900.46, 746913.66, 1712168.78]","[1.3445074982309368, 1.6488855446985868, 2.144788171811493, 1.9573239314003001, 1.255934118484706]","[3.005268353426601, 2.5692894986349675, 7.991884178166789, 31.52231649118255, 5.400064115524182]","[4.4142688871559805, 3.9832375999145673, 9.734408242599693, 49.88359284397109, 6.375890120040072]","[6.186837833170599, 6.332443524721194, 11.436355599303456, 83.8340318415079, 7.745952350733134]",1.6379479215890047,0.0026266738955872393,3.3493036858396383,-0.0367208912282071,4.913614859041605,-0.11688383037846162,6.983212948171239,-0.18038773489891957
log_max_est_rows,2.7170027510482173,,0.09216399907738271,0.9476527439656364,0.004306276624391896,2.060542845858494,2.8807080560164566,3.7075811914859576,"[0, 1, 2, 3, 4]","[4.532599493153256, 11.424618003725659, 13.4999481619965, 14.949321712774331, 16.278808769260316]","[1.0986122886681096, 8.62748154531036, 12.443119102013375, 14.193490039982008, 15.324891864112445]","[8.133293861222633, 12.272707405523049, 14.193490039982008, 15.324891864112445, 17.405658834829207]","[1.3205686315195626, 1.7258532216330154, 3.3983113696025704, 1.9573239314003001, 1.2263647644475824]","[3.005268353426601, 2.5692894986349675, 15.629336270507325, 25.365419350359375, 4.377544673324342]","[4.4142688871559805, 2.884154620974565, 23.117424731864787, 49.709672910055474, 5.122280562870512]","[6.186837833170599, 3.1922064420354705, 31.602587229912835, 83.8340318415079, 5.63816430351304]",1.6705955345695824,-0.09905040409014831,5.081516592830201,0.14361466052516825,7.401839592666713,0.07436655629429556,10.182975736151914,0.01950682399264536
log_sum_est_rows,-1.90750654688416,,0.0937780591102045,0.9467339831558226,-0.009810261100481143,1.5620289618580137,1.724756192728962,1.993386983209145,"[0, 1, 2, 3, 4]","[4.912654885736052, 12.060813041872462, 14.25535791906205, 15.767067382372002, 17.14060790677795]","[2.0794415416798357, 9.007367027451355, 13.50989259477894, 14.781057631044746, 16.27625719080766]","[8.858084222199162, 13.487035657233566, 14.642767214026634, 16.26248703482694, 18.200039908231187]","[1.3205686315195626, 1.7258532216330154, 2.6975811260799127, 1.8161595251981715, 1.2263647644475824]","[3.005268353426601, 2.901037613623635, 10.650841434670953, 31.52231649118255, 5.400064115524182]","[4.4142688871559805, 4.291289420975472, 13.925603017221636, 49.88359284397109, 6.375890120040072]","[6.186837833170599, 6.332443524721194, 18.54849107906969, 83.8340318415079, 7.745952350733134]",1.6451790841819975,-0.06304973223615185,4.0138044063659555,0.02867454744918929,5.87517348238668,-0.04430968930849177,8.405849651068161,-0.10103077903481261
max_log_card_error,1.6265762538201618,,1.1372866566618918,0.39953256817728855,0.7152316081164878,5.273788316978945,8.60891735876417,13.734911300516126,"[0, 1, 2, 3, 4]","[0.7221347174331973, 1.3030381114060754, 1.852068399087643, 3.338081421014796, 4.887595284984758]","[0.06459985687170544, 1.010672249848561, 1.7578579175523739, 2.5223039330015915, 3.8738470755501186]","[0.9452848206362177, 1.7578579175523739, 2.4255020455221583, 3.723800920902118, 9.198695986652298]","[1.3199747462014446, 1.4052180503630485, 1.122443293165467, 2.121640623403586, 4.537948210470823]","[1.6057318255956068, 1.8393953372581366, 1.8965919045277257, 8.072315592786268, 31.52231649118255]","[2.161713600396377, 1.9730641396895738, 2.2275384617065614, 12.223655660517872, 49.88359284397109]","[2.9852420185758586, 2.156577867752341, 2.6768816886795936, 18.54849107906969, 83.8340318415079]",0.6709817068244679,0.6401888592609148,-2.8928339816202757,0.6167294955928662,-5.483738427938314,0.6182455917485419,-9.501781381869957,0.5887713022723937
plan_string_length,-1.7004223724870509,,0.6568429066932886,0.6350205463100598,0.5381397589021305,5.868272411942966,6.765979030916572,10.932034423827531,"[0, 1, 2, 3, 4]","[3165.0, 5346.0, 7857.5, 10153.5, 11748.0]","[1929.0, 4757.0, 7458.0, 8955.0, 10677.0]","[4751.0, 6902.0, 8519.0, 10636.0, 16350.0]","[1.172091965548884, 1.2029253819946644, 1.57540934906898, 2.934544065357532, 3.003134892027699]","[1.5807628689452249, 1.6525673072959173, 8.072315592786268, 6.150088126016299, 31.52231649118255]","[4.047271015771494, 2.142647468084646, 9.734408242599693, 10.513416469235278, 49.88359284397109]","[7.745952350733134, 2.9852420185758586, 11.436355599303456, 18.54849107906969, 83.8340318415079]",0.8988834952211877,0.861160497603012,-2.099723746348204,0.6608461477224257,-1.4578704951321957,0.5453584643828709,-2.7947964047487424,0.515019273645716
